{"cameraMode":{"drawMode":0,"name":"Shaded","section":"Shading Mode"},"sceneLighting":false,"audioPlay":false,"sceneViewState":{"showFog":true,"showMaterialUpdate":false,"showSkybox":false,"showFlares":true,"showImageEffects":true,"showParticleSystems":true,"showVisualEffectGraphs":true,"m_FxEnabled":true},"in2DMode":false,"pivot":{"x":-0.06486940383911133,"y":-0.007231235504150391,"z":-0.27555835247039797},"rotation":{"x":0.054378118366003039,"y":-0.8829448223114014,"z":0.454304039478302,"w":0.10565628856420517},"size":5.796282768249512,"orthographic":false}