{"cameraMode":{"drawMode":0,"name":"Shaded","section":"Shading Mode"},"sceneLighting":false,"audioPlay":false,"sceneViewState":{"showFog":true,"showMaterialUpdate":false,"showSkybox":false,"showFlares":true,"showImageEffects":true,"showParticleSystems":true,"showVisualEffectGraphs":true,"m_FxEnabled":true},"in2DMode":false,"pivot":{"x":0.10383176803588867,"y":-0.09202837944030762,"z":-0.031923770904541019},"rotation":{"x":0.054378118366003039,"y":-0.8829448223114014,"z":0.454304039478302,"w":0.10565628856420517},"size":5.980525016784668,"orthographic":false}