{"cameraMode":{"drawMode":0,"name":"Shaded","section":"Shading Mode"},"sceneLighting":true,"audioPlay":false,"sceneViewState":{"showFog":true,"showMaterialUpdate":false,"showSkybox":true,"showFlares":true,"showImageEffects":true,"showParticleSystems":true,"showVisualEffectGraphs":true,"m_FxEnabled":true},"in2DMode":false,"pivot":{"x":0.6937440037727356,"y":-0.5312318801879883,"z":3.307939052581787},"rotation":{"x":0.5755126476287842,"y":0.006384637672454119,"z":-0.0044916365295648579,"w":0.8178350329399109},"size":10.702767372131348,"orthographic":false}